date,new_orders,shipments,unfilled_orders,inventories,industrial_production
1992-02-01,3411,3484,8656,7714,0.3629
1992-03-01,3711,3754,8613,7661,0.3675
1992-04-01,3745,3652,8706,7520,0.3725
1992-05-01,3735,3673,8768,7427,0.3777
1992-06-01,3814,3701,8881,7585,0.3903
1992-07-01,3690,3741,8830,7490,0.3998
1992-08-01,3962,3852,8940,7416,0.4037
1992-09-01,3850,3769,9021,7369,0.4115
1992-10-01,3741,3808,8954,7240,0.4232
1992-11-01,4168,4080,9042,7034,0.4323
1992-12-01,4484,3973,9553,7019,0.4328
1993-01-01,3687,4070,9170,7009,0.4288
1993-02-01,4136,4171,9135,7061,0.4334
1993-03-01,4419,4089,9465,7075,0.4375
1993-04-01,4014,4210,9269,7039,0.4391
1993-05-01,4043,4130,9182,7269,0.444
1993-06-01,4081,4188,9075,7392,0.4523
1993-07-01,4113,4195,8993,7513,0.4545
1993-08-01,4105,4178,8920,7586,0.4599
1993-09-01,4125,4258,8787,7143,0.4631
1993-10-01,4352,4272,8867,7183,0.4668
1993-11-01,4048,4146,8769,7263,0.4708
1993-12-01,3980,4185,8564,7304,0.483
1994-01-01,4373,4407,8530,7229,0.4985
1994-02-01,4513,4429,8614,7248,0.5062
1994-03-01,4458,4246,8826,7263,0.5273
1994-04-01,4593,4415,9004,7291,0.5528
1994-05-01,4477,4546,8935,7326,0.5692
1994-06-01,4402,4375,8962,7387,0.578
1994-07-01,4557,4584,8935,7468,0.5934
1994-08-01,4515,4581,8869,7513,0.61
1994-09-01,4488,4387,8970,7730,0.631
1994-10-01,4731,4719,8982,7646,0.6515
1994-11-01,4748,4508,9222,7832,0.6711
1994-12-01,4811,4550,9483,8092,0.696
1995-01-01,4681,4658,9506,8273,0.7128
1995-02-01,4815,4687,9634,8440,0.7332
1995-03-01,4516,4575,9575,8636,0.7641
1995-04-01,4685,4593,9667,8869,0.786
1995-05-01,4969,4687,9949,8972,0.8132
1995-06-01,4895,4786,10058,9076,0.8325
1995-07-01,5159,5012,10205,9147,0.8408
1995-08-01,4745,4953,9997,9305,0.8831
1995-09-01,5467,5074,10390,9279,0.9276
1995-10-01,5215,5178,10427,9494,0.9531
1995-11-01,5138,5245,10320,9050,0.9781
1995-12-01,5233,5175,10378,9228,1.0278
1996-01-01,5129,5005,10502,9953,1.0786
1996-02-01,4882,4947,10437,9849,1.1394
1996-03-01,5007,5211,10233,9876,1.1712
1996-04-01,5129,5373,9989,9899,1.1973
1996-05-01,5170,5238,9921,9946,1.2357
1996-06-01,5149,5285,9785,9822,1.2657
1996-07-01,5180,5149,9816,9651,1.3083
1996-08-01,5140,5207,9749,9458,1.3579
1996-09-01,5188,5304,9633,9483,1.4113
1996-10-01,5254,5204,9683,9369,1.4788
1996-11-01,5507,5369,9821,9396,1.5209
1996-12-01,5055,5298,9578,9342,1.5532
1997-01-01,4898,4798,9678,9276,1.5955
1997-02-01,5234,5114,9798,9058,1.6798
1997-03-01,5839,5410,10227,8881,1.747
1997-04-01,5104,5076,10255,8755,1.7981
1997-05-01,5231,5046,10440,8611,1.8763
1997-06-01,5394,5263,10571,8413,1.9274
1997-07-01,4876,4960,10487,8516,1.9704
1997-08-01,5218,5110,10595,8591,2.0717
1997-09-01,5070,5009,10656,8535,2.1723
1997-10-01,4848,4938,10566,8733,2.2375
1997-11-01,4731,4944,10353,8542,2.3128
1997-12-01,5190,4932,10611,8475,2.3681
1998-01-01,4738,4463,10886,8467,2.4334
1998-02-01,4654,4867,10673,8461,2.4396
1998-03-01,4825,5153,10345,8528,2.4932
1998-04-01,4813,4792,10366,8438,2.5916
1998-05-01,4498,4794,10070,8409,2.6278
1998-06-01,4913,4877,10106,8387,2.7404
1998-07-01,4960,4771,10295,8307,2.8884
1998-08-01,4629,4704,10220,8306,3.0318
1998-09-01,4820,4867,10173,8222,3.2134
1998-10-01,4926,4849,10250,8046,3.3835
1998-11-01,4805,4726,10329,7948,3.5101
1998-12-01,5390,5256,10463,7722,3.6676
1999-01-01,4907,4811,10559,7707,3.8312
1999-02-01,4951,4867,10643,7785,4.0388
1999-03-01,5289,4970,10962,7735,4.2019
1999-04-01,5018,4870,11110,7789,4.3865
1999-05-01,5218,4885,11443,7907,4.5252
1999-06-01,5660,5368,11735,8014,4.7196
1999-07-01,5781,5406,12110,7966,5.0164
1999-08-01,6013,5392,12731,8333,4.9717
1999-09-01,6204,5614,13321,8518,4.9603
1999-10-01,6950,5614,14657,8714,5.1056
1999-11-01,6185,5628,15214,8874,5.3139
1999-12-01,6136,5786,15564,9037,5.4565
2000-01-01,6504,6037,16031,9088,5.6204
2000-02-01,6747,5964,16814,9295,5.7762
2000-03-01,7050,6072,17792,9591,6.0549
2000-04-01,7820,6697,18915,9969,6.3692
2000-05-01,7129,6293,19751,10183,6.6909
2000-06-01,6665,6140,20276,10701,6.9542
2000-07-01,7030,6407,20899,10972,7.3065
2000-08-01,7195,6350,21744,11213,7.4126
2000-09-01,7378,6530,22592,11550,7.5405
2000-10-01,5876,6301,22167,11734,7.6973
2000-11-01,6344,6364,22147,12050,8.0352
2000-12-01,6402,6483,22066,12290,8.2806
2001-01-01,6549,6623,21992,12219,8.1569
2001-02-01,5421,6772,20641,11909,8.119
2001-03-01,4239,5819,19061,11579,8.1813
2001-04-01,3683,4911,17833,11172,8.0418
2001-05-01,4296,4843,17286,10854,7.9237
2001-06-01,5158,5356,17088,10612,7.8019
2001-07-01,4175,4526,16737,10443,7.4679
2001-08-01,4110,4675,16172,10014,7.5992
2001-09-01,4096,4407,15861,9698,7.7622
2001-10-01,4237,4496,15602,9026,7.923
2001-11-01,4410,4616,15396,8465,7.8071
2001-12-01,4135,4265,15266,8271,8.1924
2002-01-01,4043,4269,15040,8263,8.3054
2002-02-01,3885,4285,14640,8122,8.6572
2002-03-01,4470,4208,14902,8151,8.8337
2002-04-01,4499,4217,15184,8029,9.0789
2002-05-01,3829,4270,14743,7887,9.2091
2002-06-01,4035,4102,14676,7548,9.3702
2002-07-01,4126,4224,14578,7384,9.5136
2002-08-01,3647,4162,14063,7420,9.6704
2002-09-01,2830,3760,13133,7209,9.761
2002-10-01,3868,3846,13155,7202,9.873
2002-11-01,3604,3872,12887,7270,9.9873
2002-12-01,3613,3736,12764,7105,10.0899
2003-01-01,3439,3658,12545,7008,10.4129
2003-02-01,3627,3798,12374,6986,10.776
2003-03-01,3205,3725,11854,6784,10.9388
2003-04-01,3042,3835,11061,6593,11.1714
2003-05-01,3847,3907,11001,6600,11.5326
2003-06-01,3685,3872,10814,6456,11.9971
2003-07-01,3622,3846,10590,6365,12.5721
2003-08-01,3830,3889,10531,6261,12.961
2003-09-01,4001,3940,10592,5859,13.4829
2003-10-01,4290,4010,10872,6145,14.0285
2003-11-01,4424,4073,11223,6008,14.4245
2003-12-01,4084,3988,11319,6148,14.5241
2004-01-01,4038,3938,11419,5985,14.7787
2004-02-01,4031,3826,11624,5727,15.1371
2004-03-01,3779,3469,11934,6320,15.4862
2004-04-01,3875,3707,12102,6326,15.6914
2004-05-01,4012,3685,12429,6187,16.0261
2004-06-01,3822,3622,12629,6325,16.1199
2004-07-01,3263,3618,12274,6387,16.0467
2004-08-01,3688,3486,12476,6164,16.1569
2004-09-01,3379,3430,12425,5916,16.4619
2004-10-01,3002,3435,11992,6204,16.5854
2004-11-01,3620,3733,11879,6106,16.6828
2004-12-01,3793,3812,11860,6149,17.0073
2005-01-01,3810,3812,11858,6188,17.6704
2005-02-01,3888,3776,11970,6148,18.1825
2005-03-01,3847,3920,11897,5889,18.4566
2005-04-01,3586,3760,11723,5926,19.0442
2005-05-01,3682,3686,11719,5810,19.3043
2005-06-01,3660,3654,11725,5826,19.5147
2005-07-01,3279,3453,11551,5930,19.8457
2005-08-01,3861,3702,11710,5816,20.3867
2005-09-01,3747,3749,11708,6159,21.0523
2005-10-01,3743,3733,11718,6114,21.5116
2005-11-01,3750,3762,11706,6105,21.5232
2005-12-01,3988,3770,11924,6054,21.7009
2006-01-01,3603,3698,11829,6206,21.8082
2006-02-01,3724,3850,11703,6134,22.1027
2006-03-01,4081,3840,11944,6273,21.9577
2006-04-01,4394,3789,12549,6347,21.8225
2006-05-01,3863,3863,12549,6654,21.9945
2006-06-01,4058,3942,12665,6805,22.1243
2006-07-01,4204,3986,12883,6725,22.1712
2006-08-01,3740,3989,12634,6919,22.9459
2006-09-01,4208,4074,12768,6721,23.5311
2006-10-01,4267,4057,12978,6798,23.8685
2006-11-01,3931,4102,12807,6968,24.1796
2006-12-01,4284,4278,12813,6956,24.4525
2007-01-01,4305,4145,12973,6937,24.6575
2007-02-01,4424,4204,13193,6950,25.0646
2007-03-01,4043,4259,12977,6876,26.0529
2007-04-01,4136,4223,12890,6970,27.0673
2007-05-01,4252,4202,12940,6919,27.624
2007-06-01,4022,4280,12682,6769,28.404
2007-07-01,4304,4088,12898,6805,29.4484
2007-08-01,4346,4136,13108,6866,29.9392
2007-09-01,4047,4255,12900,6997,30.6273
2007-10-01,4433,4115,13218,7101,31.9479
2007-11-01,4251,4201,13268,7144,33.2623
2007-12-01,3981,4238,13011,7225,34.4632
2008-01-01,4359,4275,13095,7086,34.629
2008-02-01,4293,4191,13197,7222,35.8672
2008-03-01,4550,4304,13443,7278,36.9496
2008-04-01,4187,4282,13348,7125,37.1894
2008-05-01,4155,4306,13197,7139,37.4433
2008-06-01,4395,4303,13289,7097,37.5504
2008-07-01,3737,3967,13059,7263,36.5835
2008-08-01,4068,4068,13059,7223,36.2134
2008-09-01,4238,4252,13045,7125,35.4506
2008-10-01,3556,3785,12816,7039,33.0694
2008-11-01,3400,3631,12585,6974,29.6703
2008-12-01,3354,3541,12398,6743,26.4554
2009-01-01,2969,3332,12035,6646,25.7565
2009-02-01,2807,3246,11596,6573,26.4467
2009-03-01,3040,3232,11404,6404,27.437
2009-04-01,2855,3059,11200,6315,28.1607
2009-05-01,2756,2989,10967,6202,28.8107
2009-06-01,3077,3086,10958,6125,29.5193
2009-07-01,3057,3029,10986,5959,30.8125
2009-08-01,3021,2994,11013,5921,31.7491
2009-09-01,3261,3128,11146,5910,33.2342
2009-10-01,2967,3147,10966,5835,34.4543
2009-11-01,3338,3105,11199,5856,35.6256
2009-12-01,3257,3222,11234,6068,35.8859
2010-01-01,3573,3391,11416,5975,37.7084
2010-02-01,3586,3387,11615,5883,39.7907
2010-03-01,3500,3335,11780,6085,41.8052
2010-04-01,3629,3486,11923,6154,43.3374
2010-05-01,3563,3399,12087,6342,44.5459
2010-06-01,3515,3371,12231,6445,44.9888
2010-07-01,3522,3543,12210,6455,45.9565
2010-08-01,3566,3600,12176,6574,46.8431
2010-09-01,3480,3530,12126,6664,47.6073
2010-10-01,3642,3626,12142,6984,48.4053
2010-11-01,3681,3618,12205,6910,50.1826
2010-12-01,3737,3550,12392,6807,52.5176
2011-01-01,3508,3663,12237,6942,53.7716
2011-02-01,3456,3644,12049,6972,54.1177
2011-03-01,3641,3685,12005,6941,53.7497
2011-04-01,3812,3675,12142,7050,53.7194
2011-05-01,3661,3716,12087,6977,54.0203
2011-06-01,3473,3543,12017,6871,54.2273
2011-07-01,3405,3393,12029,7026,53.6659
2011-08-01,3629,3664,11994,6953,55.0189
2011-09-01,3619,3571,12042,6959,54.9714
2011-10-01,3645,3579,12108,6953,54.7035
2011-11-01,3595,3643,12060,6938,55.2388
2011-12-01,3612,3660,12012,6991,55.9485
2012-01-01,3390,3540,11862,7004,56.5696
2012-02-01,3556,3668,11750,7035,57.7653
2012-03-01,3504,3617,11637,7114,58.3927
2012-04-01,3321,3480,11478,7013,59.087
2012-05-01,3511,3575,11414,6920,59.9974
2012-06-01,3258,3456,11216,6907,61.0013
2012-07-01,3133,3241,11108,6897,60.6111
2012-08-01,3291,3426,10973,6785,59.8824
2012-09-01,3306,3405,10874,6830,60.984
2012-10-01,3362,3409,10827,6818,62.4098
2012-11-01,3378,3426,10779,6821,62.1728
2012-12-01,3558,3552,10785,6867,62.3427
2013-01-01,3698,3614,10869,6705,62.7268
2013-02-01,3528,3460,10937,6548,62.014
2013-03-01,3490,3414,11013,6492,62.6561
2013-04-01,3675,3555,11133,6570,63.8934
2013-05-01,3521,3527,11127,6549,64.9148
2013-06-01,3480,3464,11143,6554,65.7834
2013-07-01,3717,3533,11327,6479,66.8912
2013-08-01,3325,3398,11254,6680,68.0148
2013-09-01,3382,3443,11193,6800,68.6801
2013-10-01,3732,3592,11333,6745,70.6466
2013-11-01,3659,3636,11356,6666,71.7685
2013-12-01,3541,3599,11298,6797,72.8464
2014-01-01,3449,3596,11151,6881,74.522
2014-02-01,3576,3587,11140,6846,76.7132
2014-03-01,3417,3473,11084,6825,78.497
2014-04-01,3426,3476,11034,6734,80.0616
2014-05-01,3417,3466,10985,6843,81.8774
2014-06-01,3607,3598,10994,6818,82.4052
2014-07-01,3575,3629,10940,6718,82.7456
2014-08-01,3527,3561,10906,6821,82.6163
2014-09-01,3522,3582,10846,6740,82.6105
2014-10-01,3396,3406,10836,6777,82.3956
2014-11-01,3105,3096,10845,6776,81.9877
2014-12-01,3216,3281,10780,6882,82.1515
2015-01-01,3447,3415,10812,6948,82.1504
2015-02-01,3509,3467,10854,7131,81.8215
2015-03-01,3602,3682,10774,7226,81.026
2015-04-01,3769,3772,10771,7210,80.5543
2015-05-01,3642,3676,10737,7144,79.9374
2015-06-01,3874,3812,10799,7111,80.4261
2015-07-01,3821,3852,10768,7156,79.8745
2015-08-01,3654,3652,10770,7110,80.2585
2015-09-01,3543,3606,10707,7041,80.721
2015-10-01,3566,3553,10720,6980,81.048
2015-11-01,3444,3487,10677,6918,81.2548
2015-12-01,3443,3399,10721,6934,82.4698
2016-01-01,3362,3394,10689,6909,81.6281
2016-02-01,3329,3335,10683,6692,82.5464
2016-03-01,3425,3347,10761,6997,82.9313
2016-04-01,3384,3398,10747,6974,83.7862
2016-05-01,3477,3449,10775,6979,84.7635
2016-06-01,3363,3362,10776,7089,86.0963
2016-07-01,3536,3424,10888,7118,88.2021
2016-08-01,3453,3434,10907,7129,89.4199
2016-09-01,3491,3414,10984,7119,91.3266
2016-10-01,3377,3409,10952,7208,92.678
2016-11-01,3346,3330,10968,7305,93.5939
2016-12-01,3442,3374,11036,7058,94.1908
2017-01-01,3497,3334,11199,7227,95.0183
2017-02-01,3600,3436,11363,7318,96.0273
2017-03-01,3569,3478,11454,7347,97.5229
2017-04-01,3636,3424,11666,7521,101.0176
2017-05-01,3683,3494,11855,7747,101.0408
2017-06-01,3640,3541,11954,7863,100.548
2017-07-01,3798,3615,12137,7972,99.5657
2017-08-01,3938,3704,12371,8123,99.3714
2017-09-01,3990,3785,12576,8275,100.0478
2017-10-01,4060,3889,12747,8394,101.3948
2017-11-01,4043,3872,12918,8463,103.144
2017-12-01,4143,3941,13120,8486,105.3014
2018-01-01,4193,3985,13328,8405,106.5123
2018-02-01,4310,4017,13621,8556,106.2109
2018-03-01,4044,3915,13750,8610,105.5107
2018-04-01,4147,4035,13862,8612,106.0022
2018-05-01,4241,4057,14046,8472,106.3259
2018-06-01,4306,4011,14341,8430,107.3727
2018-07-01,4201,3938,14604,8518,107.5357
2018-08-01,4119,3991,14732,8553,107.8675
2018-09-01,4127,4031,14828,8717,106.6054
2018-10-01,4186,4141,14873,8568,105.2557
2018-11-01,4362,4165,15070,8488,103.0036
2018-12-01,4287,4203,15154,9288,102.4992
2019-01-01,4242,4247,15149,9195,103.7506
2019-02-01,4172,4184,15137,8963,104.7604
2019-03-01,3988,4235,14890,8535,105.3679
2019-04-01,4014,4160,14744,8864,105.8286
2019-05-01,4035,4164,14615,8910,105.8115
2019-06-01,4160,4290,14485,8946,106.7633
2019-07-01,4032,4094,14423,8842,107.5196
2019-08-01,4194,4187,14430,9009,109.1758
2019-09-01,4135,4078,14487,9098,108.7369
2019-10-01,4050,3984,14553,9115,108.9746
2019-11-01,4129,4043,14639,9261,110.9638
2019-12-01,3831,4088,14382,9392,112.6269
2020-01-01,4041,3955,14468,9506,110.9344
2020-02-01,4051,3968,14551,9713,108.6923
2020-03-01,3913,3850,14614,9848,109.4757
2020-04-01,4017,3946,14685,10012,107.5225
2020-05-01,3851,3913,14623,10020,107.1574
2020-06-01,3888,3952,14559,10014,109.2417
2020-07-01,3937,4081,14415,10087,111.7799
2020-08-01,4054,4095,14374,9860,112.4082
2020-09-01,4079,4076,14377,9837,115.8024
2020-10-01,4262,4109,14530,9939,119.86
2020-11-01,4296,4159,14667,10056,121.1263
2020-12-01,4354,4194,14827,10180,121.0366
2021-01-01,4389,4222,14994,10237,120.3158
2021-02-01,4413,4196,15211,10359,119.1051
2021-03-01,4592,4320,15483,10521,119.6459
2021-04-01,4801,4358,15926,10532,121.9916
2021-05-01,4693,4271,16348,10788,123.9862
2021-06-01,4710,4309,16749,11139,121.2857
2021-07-01,4600,4420,16929,11092,117.7423
2021-08-01,4896,4395,17430,11103,117.8182
2021-09-01,4781,4484,17727,11212,118.1095
2021-10-01,4798,4531,17994,10965,119.9345
2021-11-01,4786,4493,18287,10996,122.4168
2021-12-01,4721,4500,18508,11256,124.7074
2022-01-01,4835,4514,18829,11682,125.773
2022-02-01,4775,4512,19092,11765,128.9521
2022-03-01,4831,4520,19403,11991,129.5542
2022-04-01,4658,4477,19584,12336,127.9384
2022-05-01,4570,4546,19608,12309,128.77
2022-06-01,4488,4462,19634,12612,131.2495
2022-07-01,4786,4526,19894,12840,131.7061
2022-08-01,4677,4439,20132,12936,132.8333
2022-09-01,4534,4371,20295,13234,134.0567
2022-10-01,4412,4420,20287,13511,132.9257
2022-11-01,4346,4427,20206,13646,133.4489
2022-12-01,4367,4299,20274,13781,130.8489
2023-01-01,4216,4393,20097,13621,130.0403
2023-02-01,4336,4470,19963,13479,133.54
2023-03-01,4219,4358,19824,13260,133.5331
2023-04-01,4123,4223,19724,13110,135.8398
2023-05-01,4287,4316,19695,13095,136.0676
2023-06-01,4264,4385,19574,12907,135.4366
2023-07-01,4140,4250,19464,13117,136.6894
2023-08-01,4663,4770,19357,13734,135.6233
2023-09-01,4835,4871,19321,13469,134.4233
2023-10-01,4739,4829,19231,13616,136.4045
2023-11-01,4731,4860,19102,13673,137.8263
2023-12-01,4761,4894,18969,13486,138.9374
2024-01-01,4924,5000,18893,13380,139.4212
2024-02-01,4817,4862,18848,13355,138.2248
2024-03-01,4777,4772,18853,13264,138.3547
2024-04-01,4742,4857,18738,13190,143.8737
2024-05-01,4827,4867,18698,13349,144.2792
2024-06-01,4849,4802,18745,13196,143.4192
2024-07-01,4820,4841,18724,13212,143.4068
2024-08-01,4810,4915,18619,13154,148.7946
2024-09-01,4799,4923,18495,12995,146.4195
2024-10-01,4838,4902,18431,13097,148.7125
2024-11-01,4923,4945,18409,12945,148.1992
2024-12-01,4900,4971,18338,12929,150.2275
2025-01-01,4856,4953,18241,12856,158.0732
2025-02-01,4927,5051,18117,12867,159.6876
2025-03-01,5147,5119,18145,12899,159.2281
2025-04-01,4978,5060,18063,12958,162.2271
2025-05-01,5148,5053,18158,13034,164.3526
2025-06-01,5192,5198,18152,12966,163.1741
2025-07-01,5202,5190,18164,12968,171.5555
2025-08-01,5158,5184,18138,13106,169.197
2025-09-01,5132,5174,18096,13055,165.667
2025-10-01,5264,5207,18153,13090,169.1163
2025-11-01,5288,5253,18188,13135,169.7424
2025-12-01,5293,5315,18166,13021,170.5402
2026-01-01,5382,5310,18238,13009,176.7104
2026-02-01,5348,5302,18284,13193,176.1804
2026-03-01,5406,5282,18408,13298,173.6932
2026-04-01,5405,5319,18494,13382,176.6948
2026-05-01,5579,5438,18635,13473,184.1891
2026-06-01,5668,5567,18736,13989,187.5187
2026-07-01,5711,5570,18877,14001,190.2607
2026-08-01,5769,5625,19021,14129,190.0987
