month,total_capacity,existing_load,safety_reserve,net_new_order_capacity,allocated_new_orders,remaining_new_order_capacity,new_order_capacity_utilization_pct,operational_load_pct,scenario
2026-09-01,600.0,360.0,30.0,210.0,210.0,0.0,100.0,95.0,Point Forecast
2026-10-01,620.0,380.0,30.0,210.0,210.0,0.0,100.0,95.16129032258065,Point Forecast
2026-11-01,610.0,350.0,30.0,230.0,230.0,0.0,100.0,95.08196721311475,Point Forecast
2026-12-01,630.0,380.0,30.0,220.0,0.0,220.0,0.0,60.317460317460316,Point Forecast
2026-09-01,600.0,360.0,30.0,210.0,210.0,0.0,100.0,95.0,Upper Planning Reference
2026-10-01,620.0,380.0,30.0,210.0,210.0,0.0,100.0,95.16129032258065,Upper Planning Reference
2026-11-01,610.0,350.0,30.0,230.0,230.0,0.0,100.0,95.08196721311475,Upper Planning Reference
2026-12-01,630.0,380.0,30.0,220.0,19.236344383775318,200.7636556162247,8.743792901716054,63.37084831488497,Upper Planning Reference
2026-09-01,600.0,360.0,30.0,210.0,210.0,0.0,100.0,95.0,+10% Demand Stress
2026-10-01,620.0,380.0,30.0,210.0,210.0,0.0,100.0,95.16129032258065,+10% Demand Stress
2026-11-01,610.0,350.0,30.0,230.0,230.0,0.0,100.0,95.08196721311475,+10% Demand Stress
2026-12-01,630.0,380.0,30.0,220.0,65.00000000000001,155.0,29.545454545454554,70.63492063492063,+10% Demand Stress
