scenario,order_id,customer,priority,base_quantity,scenario_quantity,requested_due_month,feasible_commit_month,remaining_unscheduled,slack_after_commit_pct,status
Point Forecast,O001,Customer_A,High,120.0,120.0,2026-09-01,2026-09-01,0.0,0.42857142857142855,On Time
Point Forecast,O002,Customer_B,Normal,60.0,60.0,2026-09-01,2026-09-01,0.0,0.14285714285714285,On Time
Point Forecast,O003,Customer_C,High,130.0,130.0,2026-10-01,2026-10-01,0.0,0.5238095238095238,On Time
Point Forecast,O004,Customer_D,Normal,100.0,100.0,2026-10-01,2026-10-01,0.0,0.047619047619047616,At Risk
Point Forecast,O005,Customer_E,High,150.0,150.0,2026-11-01,2026-11-01,0.0,0.391304347826087,On Time
Point Forecast,O006,Customer_F,Normal,90.0,90.0,2026-11-01,2026-11-01,0.0,0.0,At Risk
Upper Planning Reference,O001,Customer_A,High,120.0,123.55132511700468,2026-09-01,2026-09-01,0.0,0.411660356585692,On Time
Upper Planning Reference,O002,Customer_B,Normal,60.0,61.77566255850234,2026-09-01,2026-09-01,0.0,0.117490534878538,On Time
Upper Planning Reference,O003,Customer_C,High,130.0,133.84726887675507,2026-10-01,2026-10-01,0.0,0.4801225878463711,On Time
Upper Planning Reference,O004,Customer_D,Normal,100.0,102.9594375975039,2026-10-01,2026-11-01,0.0,0.990723068914061,Late
Upper Planning Reference,O005,Customer_E,High,150.0,154.43915639625584,2026-11-01,2026-11-01,0.0,0.31924847588686167,On Time
Upper Planning Reference,O006,Customer_F,Normal,90.0,92.6634938377535,2026-11-01,2026-12-01,0.0,0.9125620709828395,Late
+10% Demand Stress,O001,Customer_A,High,120.0,132.0,2026-09-01,2026-09-01,0.0,0.37142857142857144,On Time
+10% Demand Stress,O002,Customer_B,Normal,60.0,66.0,2026-09-01,2026-09-01,0.0,0.05714285714285714,At Risk
+10% Demand Stress,O003,Customer_C,High,130.0,143.0,2026-10-01,2026-10-01,0.0,0.3761904761904762,On Time
+10% Demand Stress,O004,Customer_D,Normal,100.0,110.00000000000001,2026-10-01,2026-11-01,0.0,0.8652173913043478,Late
+10% Demand Stress,O005,Customer_E,High,150.0,165.0,2026-11-01,2026-11-01,0.0,0.14782608695652175,On Time
+10% Demand Stress,O006,Customer_F,Normal,90.0,99.00000000000001,2026-11-01,2026-12-01,0.0,0.7045454545454546,Late
