year,month_count,year_end_backlog,average_backlog,average_shipments,year_end_coverage
1993,12,8564,9016.333333333334,4174.333333333333,2.0385622470840277
1994,12,9483,8944.333333333334,4478.916666666667,2.0649633447049434
1995,12,10378,10008.833333333334,4885.25,1.9960251314271062
1996,12,9578,9928.916666666666,5215.833333333333,1.8104719299351018
1997,12,10611,10353.083333333334,5050.0,2.1488456865127583
1998,12,10463,10348.0,4843.25,2.116445283527746
1999,12,15564,12504.083333333334,5267.583333333333,2.7420718816067655
2000,12,22066,20099.5,6303.166666666667,3.4571756841445582
2001,12,15266,17411.25,5109.083333333333,3.423637586902893
2002,12,12764,14147.083333333334,4079.25,3.3431115767417494
2003,12,11319,11231.333333333334,3878.4166666666665,2.813105790738133
2004,12,11860,12086.916666666666,3646.75,3.240437158469945
2005,12,11924,11767.416666666666,3731.4166666666665,3.1754993342210387
2006,12,12813,12510.166666666666,3955.6666666666665,3.090697113451797
2007,12,13011,13004.833333333334,4195.5,3.109208220487494
2008,12,12398,13044.25,4075.4166666666665,3.3945423017249245
2009,12,11234,11225.333333333334,3130.75,3.557314756174794
2010,12,12392,12025.25,3486.3333333333335,3.444135630906059
2011,12,12012,12065.166666666666,3619.6666666666665,3.3115236169821722
2012,12,10785,11225.25,3482.9166666666665,3.1149513815346106
2013,12,11298,11165.25,3519.5833333333335,3.1305070656691605
2014,12,10780,10961.75,3479.25,3.3057344372891753
2015,12,10721,10759.166666666666,3614.4166666666665,3.0810422454258073
2016,12,11036,10847.166666666666,3389.1666666666665,3.273805992287155
2017,12,13120,12113.333333333334,3626.0833333333335,3.363527602119296
2018,12,15154,14350.75,4040.75,3.6343432728435525
2019,12,14382,14661.166666666666,4146.166666666667,3.561370202228642
2020,12,14827,14557.5,4024.8333333333335,3.569330765527203
2021,12,18508,16798.833333333332,4374.916666666667,4.105590062111801
2022,12,20274,19769.833333333332,4459.416666666667,4.626654495664081
2023,12,18969,19526.75,4551.583333333333,3.9022834807652744
2024,12,18338,18649.25,4888.083333333333,3.7126467809420975
2025,12,18166,18148.416666666668,5146.416666666667,3.4547068145800317
