year,month_count,annual_new_orders,annual_shipments,annual_order_gap,annual_book_to_bill
1993,12,49103,50092,-989,0.98
1994,12,54666,53747,919,1.017
1995,12,59518,58623,895,1.015
1996,12,61790,62590,-800,0.987
1997,12,61633,60600,1033,1.017
1998,12,57971,58119,-148,0.997
1999,12,68312,63211,5101,1.081
2000,12,82140,75638,6502,1.086
2001,12,54509,61309,-6800,0.889
2002,12,46449,48951,-2502,0.949
2003,12,45096,46541,-1445,0.969
2004,12,44302,43761,541,1.012
2005,12,44841,44777,64,1.001
2006,12,48357,47468,889,1.019
2007,12,50544,50346,198,1.004
2008,12,48292,48905,-613,0.987
2009,12,36405,37569,-1164,0.969
2010,12,42994,41836,1158,1.028
2011,12,43056,43436,-380,0.991
2012,12,40568,41795,-1227,0.971
2013,12,42748,42235,513,1.012
2014,12,41233,41751,-518,0.988
2015,12,43314,43373,-59,0.999
2016,12,40985,40670,315,1.008
2017,12,45597,43513,2084,1.048
2018,12,50523,48489,2034,1.042
2019,12,48982,49754,-772,0.984
2020,12,48743,48298,445,1.009
2021,12,56180,52499,3681,1.07
2022,12,55279,53513,1766,1.033
2023,12,53314,54619,-1305,0.976
2024,12,58026,58657,-631,0.989
2025,12,61585,61757,-172,0.997
