model,fold,mae,wape_pct,smape_pct
holt_winters,1,191.77081593581775,3.7668594762486305,3.8267785015570133
holt_winters,2,49.83473656261867,0.9613182207295269,0.966310403895157
holt_winters,3,63.69463477753046,1.2183365489198634,1.2208668447928317
holt_winters,4,71.55560564393333,1.3397417270910565,1.3468798284152859
holt_winters,5,94.27092106723406,1.7255202147754862,1.729385841746534
holt_winters,6,166.602016778175,2.914660895349458,2.955888804594335
last_value,1,164.0,3.2213710469455905,3.2615196287384234
last_value,2,36.0,0.6944444444444444,0.6962012674270319
last_value,3,87.33333333333333,1.670492221372099,1.6761648357745291
last_value,4,53.0,0.9923235349185546,0.9949007056888847
last_value,5,115.33333333333333,2.11104331909701,2.1222988647085397
last_value,6,137.0,2.396780965710287,2.4232014897410004
seasonal_naive,1,309.0,6.069534472598703,6.2495760003508956
seasonal_naive,2,357.6666666666667,6.8994341563786,7.145853747119261
seasonal_naive,3,374.6666666666667,7.1665391481764855,7.429799876874068
seasonal_naive,4,446.6666666666667,8.36297821881046,8.727088653337818
seasonal_naive,5,372.3333333333333,6.8151311775472845,7.0564458247642525
seasonal_naive,6,532.0,9.307207837648706,9.75924853379498
xgboost_direct,1,239.00390625,4.694635754272245,4.795624550814384
xgboost_direct,2,211.90999348958334,4.087769936141654,4.1730470680577145
xgboost_direct,3,126.10872395833333,2.412179111674318,2.43406571362528
xgboost_direct,4,179.06184895833334,3.3525903193846345,3.4078482651937754
xgboost_direct,5,247.09423828125,4.522774343158939,4.616804236818819
xgboost_direct,6,330.1271158854167,5.775491880430662,5.944567974110592
