model,horizon,mae,wape_pct,smape_pct
holt_winters,1,80.64812564843805,1.5198465792154918,1.549302923072208
holt_winters,2,98.10958686363226,1.8428950008822036,1.8433496998535592
holt_winters,3,140.10665287058433,2.603406371085494,2.6304024895748115
last_value,1,73.66666666666667,1.3882781581757648,1.413318281299718
last_value,2,82.33333333333333,1.5465531275436728,1.5446484799811622
last_value,3,140.33333333333334,2.60761845772685,2.6291766347583243
seasonal_naive,1,362.3333333333333,6.828318361706137,7.063463025500096
seasonal_naive,2,417.6666666666667,7.845469914219523,8.123653505118227
seasonal_naive,3,416.1666666666667,7.733044286156705,7.996889787502316
xgboost_direct,1,171.33675130208334,3.2289104460471765,3.2748490330344633
xgboost_direct,2,209.29638671875,3.931432973240561,3.975922120961769
xgboost_direct,3,286.019775390625,5.314706263065191,5.435207750314052
