fold,forecast_origin,model,horizon,forecast_date,actual,prediction
1,2025-02-01,last_value,1,2025-03-01,5147.0,4927.0
1,2025-02-01,last_value,2,2025-04-01,4978.0,4927.0
1,2025-02-01,last_value,3,2025-05-01,5148.0,4927.0
1,2025-02-01,seasonal_naive,1,2025-03-01,5147.0,4777.0
1,2025-02-01,seasonal_naive,2,2025-04-01,4978.0,4742.0
1,2025-02-01,seasonal_naive,3,2025-05-01,5148.0,4827.0
1,2025-02-01,holt_winters,1,2025-03-01,5147.0,4913.003134743184
1,2025-02-01,holt_winters,2,2025-04-01,4978.0,4897.225097433672
1,2025-02-01,holt_winters,3,2025-05-01,5148.0,4887.4593200156905
1,2025-02-01,xgboost_direct,1,2025-03-01,5147.0,4872.10009765625
1,2025-02-01,xgboost_direct,2,2025-04-01,4978.0,4859.88720703125
1,2025-02-01,xgboost_direct,3,2025-05-01,5148.0,4824.0009765625
2,2025-05-01,last_value,1,2025-06-01,5192.0,5148.0
2,2025-05-01,last_value,2,2025-07-01,5202.0,5148.0
2,2025-05-01,last_value,3,2025-08-01,5158.0,5148.0
2,2025-05-01,seasonal_naive,1,2025-06-01,5192.0,4849.0
2,2025-05-01,seasonal_naive,2,2025-07-01,5202.0,4820.0
2,2025-05-01,seasonal_naive,3,2025-08-01,5158.0,4810.0
2,2025-05-01,holt_winters,1,2025-06-01,5192.0,5152.064848234659
2,2025-05-01,holt_winters,2,2025-07-01,5202.0,5101.380192246848
2,2025-05-01,holt_winters,3,2025-08-01,5158.0,5149.050749830637
2,2025-05-01,xgboost_direct,1,2025-06-01,5192.0,4987.5205078125
2,2025-05-01,xgboost_direct,2,2025-07-01,5202.0,4981.70947265625
2,2025-05-01,xgboost_direct,3,2025-08-01,5158.0,4947.0400390625
3,2025-08-01,last_value,1,2025-09-01,5132.0,5158.0
3,2025-08-01,last_value,2,2025-10-01,5264.0,5158.0
3,2025-08-01,last_value,3,2025-11-01,5288.0,5158.0
3,2025-08-01,seasonal_naive,1,2025-09-01,5132.0,4799.0
3,2025-08-01,seasonal_naive,2,2025-10-01,5264.0,4838.0
3,2025-08-01,seasonal_naive,3,2025-11-01,5288.0,4923.0
3,2025-08-01,holt_winters,1,2025-09-01,5132.0,5204.813639683252
3,2025-08-01,holt_winters,2,2025-10-01,5264.0,5217.156356947877
3,2025-08-01,holt_winters,3,2025-11-01,5288.0,5216.573378402784
3,2025-08-01,xgboost_direct,1,2025-09-01,5132.0,5133.90087890625
3,2025-08-01,xgboost_direct,2,2025-10-01,5264.0,5107.55029296875
3,2025-08-01,xgboost_direct,3,2025-11-01,5288.0,5068.0244140625
4,2025-11-01,last_value,1,2025-12-01,5293.0,5288.0
4,2025-11-01,last_value,2,2026-01-01,5382.0,5288.0
4,2025-11-01,last_value,3,2026-02-01,5348.0,5288.0
4,2025-11-01,seasonal_naive,1,2025-12-01,5293.0,4900.0
4,2025-11-01,seasonal_naive,2,2026-01-01,5382.0,4856.0
4,2025-11-01,seasonal_naive,3,2026-02-01,5348.0,4927.0
4,2025-11-01,holt_winters,1,2025-12-01,5293.0,5292.460165564223
4,2025-11-01,holt_winters,2,2026-01-01,5382.0,5254.197293084154
4,2025-11-01,holt_winters,3,2026-02-01,5348.0,5261.675724419823
4,2025-11-01,xgboost_direct,1,2025-12-01,5293.0,5185.80615234375
4,2025-11-01,xgboost_direct,2,2026-01-01,5382.0,5152.05517578125
4,2025-11-01,xgboost_direct,3,2026-02-01,5348.0,5147.953125
5,2026-02-01,last_value,1,2026-03-01,5406.0,5348.0
5,2026-02-01,last_value,2,2026-04-01,5405.0,5348.0
5,2026-02-01,last_value,3,2026-05-01,5579.0,5348.0
5,2026-02-01,seasonal_naive,1,2026-03-01,5406.0,5147.0
5,2026-02-01,seasonal_naive,2,2026-04-01,5405.0,4978.0
5,2026-02-01,seasonal_naive,3,2026-05-01,5579.0,5148.0
5,2026-02-01,holt_winters,1,2026-03-01,5406.0,5380.1013316851295
5,2026-02-01,holt_winters,2,2026-04-01,5405.0,5363.798411974761
5,2026-02-01,holt_winters,3,2026-05-01,5579.0,5363.287493138408
5,2026-02-01,xgboost_direct,1,2026-03-01,5406.0,5245.37939453125
5,2026-02-01,xgboost_direct,2,2026-04-01,5405.0,5194.70068359375
5,2026-02-01,xgboost_direct,3,2026-05-01,5579.0,5208.63720703125
6,2026-05-01,last_value,1,2026-06-01,5668.0,5579.0
6,2026-05-01,last_value,2,2026-07-01,5711.0,5579.0
6,2026-05-01,last_value,3,2026-08-01,5769.0,5579.0
6,2026-05-01,seasonal_naive,1,2026-06-01,5668.0,5192.0
6,2026-05-01,seasonal_naive,2,2026-07-01,5711.0,5202.0
6,2026-05-01,seasonal_naive,3,2026-08-01,5769.0,5158.0
6,2026-05-01,holt_winters,1,2026-06-01,5668.0,5557.295405565429
6,2026-05-01,holt_winters,2,2026-07-01,5711.0,5519.585127130895
6,2026-05-01,holt_winters,3,2026-08-01,5769.0,5571.313416969151
6,2026-05-01,xgboost_direct,1,2026-06-01,5668.0,5389.07421875
6,2026-05-01,xgboost_direct,2,2026-07-01,5711.0,5390.31884765625
6,2026-05-01,xgboost_direct,3,2026-08-01,5769.0,5378.2255859375
