fold,forecast_origin,model,horizon,forecast_date,actual,prediction,error,absolute_error,percentage_error,absolute_percentage_error,error_direction
1,2025-02-01,last_value,1,2025-03-01,5147.0,4927.0,-220.0,220.0,-4.274334563823587,4.274334563823587,Under-Forecast
1,2025-02-01,last_value,2,2025-04-01,4978.0,4927.0,-51.0,51.0,-1.0245078344716754,1.0245078344716754,Under-Forecast
1,2025-02-01,last_value,3,2025-05-01,5148.0,4927.0,-221.0,221.0,-4.292929292929292,4.292929292929292,Under-Forecast
2,2025-05-01,last_value,1,2025-06-01,5192.0,5148.0,-44.0,44.0,-0.847457627118644,0.847457627118644,Under-Forecast
2,2025-05-01,last_value,2,2025-07-01,5202.0,5148.0,-54.0,54.0,-1.0380622837370241,1.0380622837370241,Under-Forecast
2,2025-05-01,last_value,3,2025-08-01,5158.0,5148.0,-10.0,10.0,-0.19387359441644048,0.19387359441644048,Under-Forecast
3,2025-08-01,last_value,1,2025-09-01,5132.0,5158.0,26.0,26.0,0.5066250974279034,0.5066250974279034,Over-Forecast
3,2025-08-01,last_value,2,2025-10-01,5264.0,5158.0,-106.0,106.0,-2.013677811550152,2.013677811550152,Under-Forecast
3,2025-08-01,last_value,3,2025-11-01,5288.0,5158.0,-130.0,130.0,-2.4583963691376702,2.4583963691376702,Under-Forecast
4,2025-11-01,last_value,1,2025-12-01,5293.0,5288.0,-5.0,5.0,-0.09446438692612885,0.09446438692612885,Under-Forecast
4,2025-11-01,last_value,2,2026-01-01,5382.0,5288.0,-94.0,94.0,-1.7465626161278336,1.7465626161278336,Under-Forecast
4,2025-11-01,last_value,3,2026-02-01,5348.0,5288.0,-60.0,60.0,-1.1219147344801794,1.1219147344801794,Under-Forecast
5,2026-02-01,last_value,1,2026-03-01,5406.0,5348.0,-58.0,58.0,-1.0728819829818719,1.0728819829818719,Under-Forecast
5,2026-02-01,last_value,2,2026-04-01,5405.0,5348.0,-57.0,57.0,-1.0545790934320074,1.0545790934320074,Under-Forecast
5,2026-02-01,last_value,3,2026-05-01,5579.0,5348.0,-231.0,231.0,-4.1405269761606025,4.1405269761606025,Under-Forecast
6,2026-05-01,last_value,1,2026-06-01,5668.0,5579.0,-89.0,89.0,-1.5702187720536345,1.5702187720536345,Under-Forecast
6,2026-05-01,last_value,2,2026-07-01,5711.0,5579.0,-132.0,132.0,-2.3113290141831553,2.3113290141831553,Under-Forecast
6,2026-05-01,last_value,3,2026-08-01,5769.0,5579.0,-190.0,190.0,-3.2934650719362106,3.2934650719362106,Under-Forecast
