date,inventories
1992-01-01,7793
1992-02-01,7714
1992-03-01,7661
1992-04-01,7520
1992-05-01,7427
1992-06-01,7585
1992-07-01,7490
1992-08-01,7416
1992-09-01,7369
1992-10-01,7240
1992-11-01,7034
1992-12-01,7019
1993-01-01,7009
1993-02-01,7061
1993-03-01,7075
1993-04-01,7039
1993-05-01,7269
1993-06-01,7392
1993-07-01,7513
1993-08-01,7586
1993-09-01,7143
1993-10-01,7183
1993-11-01,7263
1993-12-01,7304
1994-01-01,7229
1994-02-01,7248
1994-03-01,7263
1994-04-01,7291
1994-05-01,7326
1994-06-01,7387
1994-07-01,7468
1994-08-01,7513
1994-09-01,7730
1994-10-01,7646
1994-11-01,7832
1994-12-01,8092
1995-01-01,8273
1995-02-01,8440
1995-03-01,8636
1995-04-01,8869
1995-05-01,8972
1995-06-01,9076
1995-07-01,9147
1995-08-01,9305
1995-09-01,9279
1995-10-01,9494
1995-11-01,9050
1995-12-01,9228
1996-01-01,9953
1996-02-01,9849
1996-03-01,9876
1996-04-01,9899
1996-05-01,9946
1996-06-01,9822
1996-07-01,9651
1996-08-01,9458
1996-09-01,9483
1996-10-01,9369
1996-11-01,9396
1996-12-01,9342
1997-01-01,9276
1997-02-01,9058
1997-03-01,8881
1997-04-01,8755
1997-05-01,8611
1997-06-01,8413
1997-07-01,8516
1997-08-01,8591
1997-09-01,8535
1997-10-01,8733
1997-11-01,8542
1997-12-01,8475
1998-01-01,8467
1998-02-01,8461
1998-03-01,8528
1998-04-01,8438
1998-05-01,8409
1998-06-01,8387
1998-07-01,8307
1998-08-01,8306
1998-09-01,8222
1998-10-01,8046
1998-11-01,7948
1998-12-01,7722
1999-01-01,7707
1999-02-01,7785
1999-03-01,7735
1999-04-01,7789
1999-05-01,7907
1999-06-01,8014
1999-07-01,7966
1999-08-01,8333
1999-09-01,8518
1999-10-01,8714
1999-11-01,8874
1999-12-01,9037
2000-01-01,9088
2000-02-01,9295
2000-03-01,9591
2000-04-01,9969
2000-05-01,10183
2000-06-01,10701
2000-07-01,10972
2000-08-01,11213
2000-09-01,11550
2000-10-01,11734
2000-11-01,12050
2000-12-01,12290
2001-01-01,12219
2001-02-01,11909
2001-03-01,11579
2001-04-01,11172
2001-05-01,10854
2001-06-01,10612
2001-07-01,10443
2001-08-01,10014
2001-09-01,9698
2001-10-01,9026
2001-11-01,8465
2001-12-01,8271
2002-01-01,8263
2002-02-01,8122
2002-03-01,8151
2002-04-01,8029
2002-05-01,7887
2002-06-01,7548
2002-07-01,7384
2002-08-01,7420
2002-09-01,7209
2002-10-01,7202
2002-11-01,7270
2002-12-01,7105
2003-01-01,7008
2003-02-01,6986
2003-03-01,6784
2003-04-01,6593
2003-05-01,6600
2003-06-01,6456
2003-07-01,6365
2003-08-01,6261
2003-09-01,5859
2003-10-01,6145
2003-11-01,6008
2003-12-01,6148
2004-01-01,5985
2004-02-01,5727
2004-03-01,6320
2004-04-01,6326
2004-05-01,6187
2004-06-01,6325
2004-07-01,6387
2004-08-01,6164
2004-09-01,5916
2004-10-01,6204
2004-11-01,6106
2004-12-01,6149
2005-01-01,6188
2005-02-01,6148
2005-03-01,5889
2005-04-01,5926
2005-05-01,5810
2005-06-01,5826
2005-07-01,5930
2005-08-01,5816
2005-09-01,6159
2005-10-01,6114
2005-11-01,6105
2005-12-01,6054
2006-01-01,6206
2006-02-01,6134
2006-03-01,6273
2006-04-01,6347
2006-05-01,6654
2006-06-01,6805
2006-07-01,6725
2006-08-01,6919
2006-09-01,6721
2006-10-01,6798
2006-11-01,6968
2006-12-01,6956
2007-01-01,6937
2007-02-01,6950
2007-03-01,6876
2007-04-01,6970
2007-05-01,6919
2007-06-01,6769
2007-07-01,6805
2007-08-01,6866
2007-09-01,6997
2007-10-01,7101
2007-11-01,7144
2007-12-01,7225
2008-01-01,7086
2008-02-01,7222
2008-03-01,7278
2008-04-01,7125
2008-05-01,7139
2008-06-01,7097
2008-07-01,7263
2008-08-01,7223
2008-09-01,7125
2008-10-01,7039
2008-11-01,6974
2008-12-01,6743
2009-01-01,6646
2009-02-01,6573
2009-03-01,6404
2009-04-01,6315
2009-05-01,6202
2009-06-01,6125
2009-07-01,5959
2009-08-01,5921
2009-09-01,5910
2009-10-01,5835
2009-11-01,5856
2009-12-01,6068
2010-01-01,5975
2010-02-01,5883
2010-03-01,6085
2010-04-01,6154
2010-05-01,6342
2010-06-01,6445
2010-07-01,6455
2010-08-01,6574
2010-09-01,6664
2010-10-01,6984
2010-11-01,6910
2010-12-01,6807
2011-01-01,6942
2011-02-01,6972
2011-03-01,6941
2011-04-01,7050
2011-05-01,6977
2011-06-01,6871
2011-07-01,7026
2011-08-01,6953
2011-09-01,6959
2011-10-01,6953
2011-11-01,6938
2011-12-01,6991
2012-01-01,7004
2012-02-01,7035
2012-03-01,7114
2012-04-01,7013
2012-05-01,6920
2012-06-01,6907
2012-07-01,6897
2012-08-01,6785
2012-09-01,6830
2012-10-01,6818
2012-11-01,6821
2012-12-01,6867
2013-01-01,6705
2013-02-01,6548
2013-03-01,6492
2013-04-01,6570
2013-05-01,6549
2013-06-01,6554
2013-07-01,6479
2013-08-01,6680
2013-09-01,6800
2013-10-01,6745
2013-11-01,6666
2013-12-01,6797
2014-01-01,6881
2014-02-01,6846
2014-03-01,6825
2014-04-01,6734
2014-05-01,6843
2014-06-01,6818
2014-07-01,6718
2014-08-01,6821
2014-09-01,6740
2014-10-01,6777
2014-11-01,6776
2014-12-01,6882
2015-01-01,6948
2015-02-01,7131
2015-03-01,7226
2015-04-01,7210
2015-05-01,7144
2015-06-01,7111
2015-07-01,7156
2015-08-01,7110
2015-09-01,7041
2015-10-01,6980
2015-11-01,6918
2015-12-01,6934
2016-01-01,6909
2016-02-01,6692
2016-03-01,6997
2016-04-01,6974
2016-05-01,6979
2016-06-01,7089
2016-07-01,7118
2016-08-01,7129
2016-09-01,7119
2016-10-01,7208
2016-11-01,7305
2016-12-01,7058
2017-01-01,7227
2017-02-01,7318
2017-03-01,7347
2017-04-01,7521
2017-05-01,7747
2017-06-01,7863
2017-07-01,7972
2017-08-01,8123
2017-09-01,8275
2017-10-01,8394
2017-11-01,8463
2017-12-01,8486
2018-01-01,8405
2018-02-01,8556
2018-03-01,8610
2018-04-01,8612
2018-05-01,8472
2018-06-01,8430
2018-07-01,8518
2018-08-01,8553
2018-09-01,8717
2018-10-01,8568
2018-11-01,8488
2018-12-01,9288
2019-01-01,9195
2019-02-01,8963
2019-03-01,8535
2019-04-01,8864
2019-05-01,8910
2019-06-01,8946
2019-07-01,8842
2019-08-01,9009
2019-09-01,9098
2019-10-01,9115
2019-11-01,9261
2019-12-01,9392
2020-01-01,9506
2020-02-01,9713
2020-03-01,9848
2020-04-01,10012
2020-05-01,10020
2020-06-01,10014
2020-07-01,10087
2020-08-01,9860
2020-09-01,9837
2020-10-01,9939
2020-11-01,10056
2020-12-01,10180
2021-01-01,10237
2021-02-01,10359
2021-03-01,10521
2021-04-01,10532
2021-05-01,10788
2021-06-01,11139
2021-07-01,11092
2021-08-01,11103
2021-09-01,11212
2021-10-01,10965
2021-11-01,10996
2021-12-01,11256
2022-01-01,11682
2022-02-01,11765
2022-03-01,11991
2022-04-01,12336
2022-05-01,12309
2022-06-01,12612
2022-07-01,12840
2022-08-01,12936
2022-09-01,13234
2022-10-01,13511
2022-11-01,13646
2022-12-01,13781
2023-01-01,13621
2023-02-01,13479
2023-03-01,13260
2023-04-01,13110
2023-05-01,13095
2023-06-01,12907
2023-07-01,13117
2023-08-01,13734
2023-09-01,13469
2023-10-01,13616
2023-11-01,13673
2023-12-01,13486
2024-01-01,13380
2024-02-01,13355
2024-03-01,13264
2024-04-01,13190
2024-05-01,13349
2024-06-01,13196
2024-07-01,13212
2024-08-01,13154
2024-09-01,12995
2024-10-01,13097
2024-11-01,12945
2024-12-01,12929
2025-01-01,12856
2025-02-01,12867
2025-03-01,12899
2025-04-01,12958
2025-05-01,13034
2025-06-01,12966
2025-07-01,12968
2025-08-01,13106
2025-09-01,13055
2025-10-01,13090
2025-11-01,13135
2025-12-01,13021
2026-01-01,13009
2026-02-01,13193
2026-03-01,13298
2026-04-01,13382
2026-05-01,13473
2026-06-01,13989
2026-07-01,14001
2026-08-01,14129
