date,new_orders
1992-02-01,3411
1992-03-01,3711
1992-04-01,3745
1992-05-01,3735
1992-06-01,3814
1992-07-01,3690
1992-08-01,3962
1992-09-01,3850
1992-10-01,3741
1992-11-01,4168
1992-12-01,4484
1993-01-01,3687
1993-02-01,4136
1993-03-01,4419
1993-04-01,4014
1993-05-01,4043
1993-06-01,4081
1993-07-01,4113
1993-08-01,4105
1993-09-01,4125
1993-10-01,4352
1993-11-01,4048
1993-12-01,3980
1994-01-01,4373
1994-02-01,4513
1994-03-01,4458
1994-04-01,4593
1994-05-01,4477
1994-06-01,4402
1994-07-01,4557
1994-08-01,4515
1994-09-01,4488
1994-10-01,4731
1994-11-01,4748
1994-12-01,4811
1995-01-01,4681
1995-02-01,4815
1995-03-01,4516
1995-04-01,4685
1995-05-01,4969
1995-06-01,4895
1995-07-01,5159
1995-08-01,4745
1995-09-01,5467
1995-10-01,5215
1995-11-01,5138
1995-12-01,5233
1996-01-01,5129
1996-02-01,4882
1996-03-01,5007
1996-04-01,5129
1996-05-01,5170
1996-06-01,5149
1996-07-01,5180
1996-08-01,5140
1996-09-01,5188
1996-10-01,5254
1996-11-01,5507
1996-12-01,5055
1997-01-01,4898
1997-02-01,5234
1997-03-01,5839
1997-04-01,5104
1997-05-01,5231
1997-06-01,5394
1997-07-01,4876
1997-08-01,5218
1997-09-01,5070
1997-10-01,4848
1997-11-01,4731
1997-12-01,5190
1998-01-01,4738
1998-02-01,4654
1998-03-01,4825
1998-04-01,4813
1998-05-01,4498
1998-06-01,4913
1998-07-01,4960
1998-08-01,4629
1998-09-01,4820
1998-10-01,4926
1998-11-01,4805
1998-12-01,5390
1999-01-01,4907
1999-02-01,4951
1999-03-01,5289
1999-04-01,5018
1999-05-01,5218
1999-06-01,5660
1999-07-01,5781
1999-08-01,6013
1999-09-01,6204
1999-10-01,6950
1999-11-01,6185
1999-12-01,6136
2000-01-01,6504
2000-02-01,6747
2000-03-01,7050
2000-04-01,7820
2000-05-01,7129
2000-06-01,6665
2000-07-01,7030
2000-08-01,7195
2000-09-01,7378
2000-10-01,5876
2000-11-01,6344
2000-12-01,6402
2001-01-01,6549
2001-02-01,5421
2001-03-01,4239
2001-04-01,3683
2001-05-01,4296
2001-06-01,5158
2001-07-01,4175
2001-08-01,4110
2001-09-01,4096
2001-10-01,4237
2001-11-01,4410
2001-12-01,4135
2002-01-01,4043
2002-02-01,3885
2002-03-01,4470
2002-04-01,4499
2002-05-01,3829
2002-06-01,4035
2002-07-01,4126
2002-08-01,3647
2002-09-01,2830
2002-10-01,3868
2002-11-01,3604
2002-12-01,3613
2003-01-01,3439
2003-02-01,3627
2003-03-01,3205
2003-04-01,3042
2003-05-01,3847
2003-06-01,3685
2003-07-01,3622
2003-08-01,3830
2003-09-01,4001
2003-10-01,4290
2003-11-01,4424
2003-12-01,4084
2004-01-01,4038
2004-02-01,4031
2004-03-01,3779
2004-04-01,3875
2004-05-01,4012
2004-06-01,3822
2004-07-01,3263
2004-08-01,3688
2004-09-01,3379
2004-10-01,3002
2004-11-01,3620
2004-12-01,3793
2005-01-01,3810
2005-02-01,3888
2005-03-01,3847
2005-04-01,3586
2005-05-01,3682
2005-06-01,3660
2005-07-01,3279
2005-08-01,3861
2005-09-01,3747
2005-10-01,3743
2005-11-01,3750
2005-12-01,3988
2006-01-01,3603
2006-02-01,3724
2006-03-01,4081
2006-04-01,4394
2006-05-01,3863
2006-06-01,4058
2006-07-01,4204
2006-08-01,3740
2006-09-01,4208
2006-10-01,4267
2006-11-01,3931
2006-12-01,4284
2007-01-01,4305
2007-02-01,4424
2007-03-01,4043
2007-04-01,4136
2007-05-01,4252
2007-06-01,4022
2007-07-01,4304
2007-08-01,4346
2007-09-01,4047
2007-10-01,4433
2007-11-01,4251
2007-12-01,3981
2008-01-01,4359
2008-02-01,4293
2008-03-01,4550
2008-04-01,4187
2008-05-01,4155
2008-06-01,4395
2008-07-01,3737
2008-08-01,4068
2008-09-01,4238
2008-10-01,3556
2008-11-01,3400
2008-12-01,3354
2009-01-01,2969
2009-02-01,2807
2009-03-01,3040
2009-04-01,2855
2009-05-01,2756
2009-06-01,3077
2009-07-01,3057
2009-08-01,3021
2009-09-01,3261
2009-10-01,2967
2009-11-01,3338
2009-12-01,3257
2010-01-01,3573
2010-02-01,3586
2010-03-01,3500
2010-04-01,3629
2010-05-01,3563
2010-06-01,3515
2010-07-01,3522
2010-08-01,3566
2010-09-01,3480
2010-10-01,3642
2010-11-01,3681
2010-12-01,3737
2011-01-01,3508
2011-02-01,3456
2011-03-01,3641
2011-04-01,3812
2011-05-01,3661
2011-06-01,3473
2011-07-01,3405
2011-08-01,3629
2011-09-01,3619
2011-10-01,3645
2011-11-01,3595
2011-12-01,3612
2012-01-01,3390
2012-02-01,3556
2012-03-01,3504
2012-04-01,3321
2012-05-01,3511
2012-06-01,3258
2012-07-01,3133
2012-08-01,3291
2012-09-01,3306
2012-10-01,3362
2012-11-01,3378
2012-12-01,3558
2013-01-01,3698
2013-02-01,3528
2013-03-01,3490
2013-04-01,3675
2013-05-01,3521
2013-06-01,3480
2013-07-01,3717
2013-08-01,3325
2013-09-01,3382
2013-10-01,3732
2013-11-01,3659
2013-12-01,3541
2014-01-01,3449
2014-02-01,3576
2014-03-01,3417
2014-04-01,3426
2014-05-01,3417
2014-06-01,3607
2014-07-01,3575
2014-08-01,3527
2014-09-01,3522
2014-10-01,3396
2014-11-01,3105
2014-12-01,3216
2015-01-01,3447
2015-02-01,3509
2015-03-01,3602
2015-04-01,3769
2015-05-01,3642
2015-06-01,3874
2015-07-01,3821
2015-08-01,3654
2015-09-01,3543
2015-10-01,3566
2015-11-01,3444
2015-12-01,3443
2016-01-01,3362
2016-02-01,3329
2016-03-01,3425
2016-04-01,3384
2016-05-01,3477
2016-06-01,3363
2016-07-01,3536
2016-08-01,3453
2016-09-01,3491
2016-10-01,3377
2016-11-01,3346
2016-12-01,3442
2017-01-01,3497
2017-02-01,3600
2017-03-01,3569
2017-04-01,3636
2017-05-01,3683
2017-06-01,3640
2017-07-01,3798
2017-08-01,3938
2017-09-01,3990
2017-10-01,4060
2017-11-01,4043
2017-12-01,4143
2018-01-01,4193
2018-02-01,4310
2018-03-01,4044
2018-04-01,4147
2018-05-01,4241
2018-06-01,4306
2018-07-01,4201
2018-08-01,4119
2018-09-01,4127
2018-10-01,4186
2018-11-01,4362
2018-12-01,4287
2019-01-01,4242
2019-02-01,4172
2019-03-01,3988
2019-04-01,4014
2019-05-01,4035
2019-06-01,4160
2019-07-01,4032
2019-08-01,4194
2019-09-01,4135
2019-10-01,4050
2019-11-01,4129
2019-12-01,3831
2020-01-01,4041
2020-02-01,4051
2020-03-01,3913
2020-04-01,4017
2020-05-01,3851
2020-06-01,3888
2020-07-01,3937
2020-08-01,4054
2020-09-01,4079
2020-10-01,4262
2020-11-01,4296
2020-12-01,4354
2021-01-01,4389
2021-02-01,4413
2021-03-01,4592
2021-04-01,4801
2021-05-01,4693
2021-06-01,4710
2021-07-01,4600
2021-08-01,4896
2021-09-01,4781
2021-10-01,4798
2021-11-01,4786
2021-12-01,4721
2022-01-01,4835
2022-02-01,4775
2022-03-01,4831
2022-04-01,4658
2022-05-01,4570
2022-06-01,4488
2022-07-01,4786
2022-08-01,4677
2022-09-01,4534
2022-10-01,4412
2022-11-01,4346
2022-12-01,4367
2023-01-01,4216
2023-02-01,4336
2023-03-01,4219
2023-04-01,4123
2023-05-01,4287
2023-06-01,4264
2023-07-01,4140
2023-08-01,4663
2023-09-01,4835
2023-10-01,4739
2023-11-01,4731
2023-12-01,4761
2024-01-01,4924
2024-02-01,4817
2024-03-01,4777
2024-04-01,4742
2024-05-01,4827
2024-06-01,4849
2024-07-01,4820
2024-08-01,4810
2024-09-01,4799
2024-10-01,4838
2024-11-01,4923
2024-12-01,4900
2025-01-01,4856
2025-02-01,4927
2025-03-01,5147
2025-04-01,4978
2025-05-01,5148
2025-06-01,5192
2025-07-01,5202
2025-08-01,5158
2025-09-01,5132
2025-10-01,5264
2025-11-01,5288
2025-12-01,5293
2026-01-01,5382
2026-02-01,5348
2026-03-01,5406
2026-04-01,5405
2026-05-01,5579
2026-06-01,5668
2026-07-01,5711
2026-08-01,5769
