date,shipments
1992-01-01,3543
1992-02-01,3484
1992-03-01,3754
1992-04-01,3652
1992-05-01,3673
1992-06-01,3701
1992-07-01,3741
1992-08-01,3852
1992-09-01,3769
1992-10-01,3808
1992-11-01,4080
1992-12-01,3973
1993-01-01,4070
1993-02-01,4171
1993-03-01,4089
1993-04-01,4210
1993-05-01,4130
1993-06-01,4188
1993-07-01,4195
1993-08-01,4178
1993-09-01,4258
1993-10-01,4272
1993-11-01,4146
1993-12-01,4185
1994-01-01,4407
1994-02-01,4429
1994-03-01,4246
1994-04-01,4415
1994-05-01,4546
1994-06-01,4375
1994-07-01,4584
1994-08-01,4581
1994-09-01,4387
1994-10-01,4719
1994-11-01,4508
1994-12-01,4550
1995-01-01,4658
1995-02-01,4687
1995-03-01,4575
1995-04-01,4593
1995-05-01,4687
1995-06-01,4786
1995-07-01,5012
1995-08-01,4953
1995-09-01,5074
1995-10-01,5178
1995-11-01,5245
1995-12-01,5175
1996-01-01,5005
1996-02-01,4947
1996-03-01,5211
1996-04-01,5373
1996-05-01,5238
1996-06-01,5285
1996-07-01,5149
1996-08-01,5207
1996-09-01,5304
1996-10-01,5204
1996-11-01,5369
1996-12-01,5298
1997-01-01,4798
1997-02-01,5114
1997-03-01,5410
1997-04-01,5076
1997-05-01,5046
1997-06-01,5263
1997-07-01,4960
1997-08-01,5110
1997-09-01,5009
1997-10-01,4938
1997-11-01,4944
1997-12-01,4932
1998-01-01,4463
1998-02-01,4867
1998-03-01,5153
1998-04-01,4792
1998-05-01,4794
1998-06-01,4877
1998-07-01,4771
1998-08-01,4704
1998-09-01,4867
1998-10-01,4849
1998-11-01,4726
1998-12-01,5256
1999-01-01,4811
1999-02-01,4867
1999-03-01,4970
1999-04-01,4870
1999-05-01,4885
1999-06-01,5368
1999-07-01,5406
1999-08-01,5392
1999-09-01,5614
1999-10-01,5614
1999-11-01,5628
1999-12-01,5786
2000-01-01,6037
2000-02-01,5964
2000-03-01,6072
2000-04-01,6697
2000-05-01,6293
2000-06-01,6140
2000-07-01,6407
2000-08-01,6350
2000-09-01,6530
2000-10-01,6301
2000-11-01,6364
2000-12-01,6483
2001-01-01,6623
2001-02-01,6772
2001-03-01,5819
2001-04-01,4911
2001-05-01,4843
2001-06-01,5356
2001-07-01,4526
2001-08-01,4675
2001-09-01,4407
2001-10-01,4496
2001-11-01,4616
2001-12-01,4265
2002-01-01,4269
2002-02-01,4285
2002-03-01,4208
2002-04-01,4217
2002-05-01,4270
2002-06-01,4102
2002-07-01,4224
2002-08-01,4162
2002-09-01,3760
2002-10-01,3846
2002-11-01,3872
2002-12-01,3736
2003-01-01,3658
2003-02-01,3798
2003-03-01,3725
2003-04-01,3835
2003-05-01,3907
2003-06-01,3872
2003-07-01,3846
2003-08-01,3889
2003-09-01,3940
2003-10-01,4010
2003-11-01,4073
2003-12-01,3988
2004-01-01,3938
2004-02-01,3826
2004-03-01,3469
2004-04-01,3707
2004-05-01,3685
2004-06-01,3622
2004-07-01,3618
2004-08-01,3486
2004-09-01,3430
2004-10-01,3435
2004-11-01,3733
2004-12-01,3812
2005-01-01,3812
2005-02-01,3776
2005-03-01,3920
2005-04-01,3760
2005-05-01,3686
2005-06-01,3654
2005-07-01,3453
2005-08-01,3702
2005-09-01,3749
2005-10-01,3733
2005-11-01,3762
2005-12-01,3770
2006-01-01,3698
2006-02-01,3850
2006-03-01,3840
2006-04-01,3789
2006-05-01,3863
2006-06-01,3942
2006-07-01,3986
2006-08-01,3989
2006-09-01,4074
2006-10-01,4057
2006-11-01,4102
2006-12-01,4278
2007-01-01,4145
2007-02-01,4204
2007-03-01,4259
2007-04-01,4223
2007-05-01,4202
2007-06-01,4280
2007-07-01,4088
2007-08-01,4136
2007-09-01,4255
2007-10-01,4115
2007-11-01,4201
2007-12-01,4238
2008-01-01,4275
2008-02-01,4191
2008-03-01,4304
2008-04-01,4282
2008-05-01,4306
2008-06-01,4303
2008-07-01,3967
2008-08-01,4068
2008-09-01,4252
2008-10-01,3785
2008-11-01,3631
2008-12-01,3541
2009-01-01,3332
2009-02-01,3246
2009-03-01,3232
2009-04-01,3059
2009-05-01,2989
2009-06-01,3086
2009-07-01,3029
2009-08-01,2994
2009-09-01,3128
2009-10-01,3147
2009-11-01,3105
2009-12-01,3222
2010-01-01,3391
2010-02-01,3387
2010-03-01,3335
2010-04-01,3486
2010-05-01,3399
2010-06-01,3371
2010-07-01,3543
2010-08-01,3600
2010-09-01,3530
2010-10-01,3626
2010-11-01,3618
2010-12-01,3550
2011-01-01,3663
2011-02-01,3644
2011-03-01,3685
2011-04-01,3675
2011-05-01,3716
2011-06-01,3543
2011-07-01,3393
2011-08-01,3664
2011-09-01,3571
2011-10-01,3579
2011-11-01,3643
2011-12-01,3660
2012-01-01,3540
2012-02-01,3668
2012-03-01,3617
2012-04-01,3480
2012-05-01,3575
2012-06-01,3456
2012-07-01,3241
2012-08-01,3426
2012-09-01,3405
2012-10-01,3409
2012-11-01,3426
2012-12-01,3552
2013-01-01,3614
2013-02-01,3460
2013-03-01,3414
2013-04-01,3555
2013-05-01,3527
2013-06-01,3464
2013-07-01,3533
2013-08-01,3398
2013-09-01,3443
2013-10-01,3592
2013-11-01,3636
2013-12-01,3599
2014-01-01,3596
2014-02-01,3587
2014-03-01,3473
2014-04-01,3476
2014-05-01,3466
2014-06-01,3598
2014-07-01,3629
2014-08-01,3561
2014-09-01,3582
2014-10-01,3406
2014-11-01,3096
2014-12-01,3281
2015-01-01,3415
2015-02-01,3467
2015-03-01,3682
2015-04-01,3772
2015-05-01,3676
2015-06-01,3812
2015-07-01,3852
2015-08-01,3652
2015-09-01,3606
2015-10-01,3553
2015-11-01,3487
2015-12-01,3399
2016-01-01,3394
2016-02-01,3335
2016-03-01,3347
2016-04-01,3398
2016-05-01,3449
2016-06-01,3362
2016-07-01,3424
2016-08-01,3434
2016-09-01,3414
2016-10-01,3409
2016-11-01,3330
2016-12-01,3374
2017-01-01,3334
2017-02-01,3436
2017-03-01,3478
2017-04-01,3424
2017-05-01,3494
2017-06-01,3541
2017-07-01,3615
2017-08-01,3704
2017-09-01,3785
2017-10-01,3889
2017-11-01,3872
2017-12-01,3941
2018-01-01,3985
2018-02-01,4017
2018-03-01,3915
2018-04-01,4035
2018-05-01,4057
2018-06-01,4011
2018-07-01,3938
2018-08-01,3991
2018-09-01,4031
2018-10-01,4141
2018-11-01,4165
2018-12-01,4203
2019-01-01,4247
2019-02-01,4184
2019-03-01,4235
2019-04-01,4160
2019-05-01,4164
2019-06-01,4290
2019-07-01,4094
2019-08-01,4187
2019-09-01,4078
2019-10-01,3984
2019-11-01,4043
2019-12-01,4088
2020-01-01,3955
2020-02-01,3968
2020-03-01,3850
2020-04-01,3946
2020-05-01,3913
2020-06-01,3952
2020-07-01,4081
2020-08-01,4095
2020-09-01,4076
2020-10-01,4109
2020-11-01,4159
2020-12-01,4194
2021-01-01,4222
2021-02-01,4196
2021-03-01,4320
2021-04-01,4358
2021-05-01,4271
2021-06-01,4309
2021-07-01,4420
2021-08-01,4395
2021-09-01,4484
2021-10-01,4531
2021-11-01,4493
2021-12-01,4500
2022-01-01,4514
2022-02-01,4512
2022-03-01,4520
2022-04-01,4477
2022-05-01,4546
2022-06-01,4462
2022-07-01,4526
2022-08-01,4439
2022-09-01,4371
2022-10-01,4420
2022-11-01,4427
2022-12-01,4299
2023-01-01,4393
2023-02-01,4470
2023-03-01,4358
2023-04-01,4223
2023-05-01,4316
2023-06-01,4385
2023-07-01,4250
2023-08-01,4770
2023-09-01,4871
2023-10-01,4829
2023-11-01,4860
2023-12-01,4894
2024-01-01,5000
2024-02-01,4862
2024-03-01,4772
2024-04-01,4857
2024-05-01,4867
2024-06-01,4802
2024-07-01,4841
2024-08-01,4915
2024-09-01,4923
2024-10-01,4902
2024-11-01,4945
2024-12-01,4971
2025-01-01,4953
2025-02-01,5051
2025-03-01,5119
2025-04-01,5060
2025-05-01,5053
2025-06-01,5198
2025-07-01,5190
2025-08-01,5184
2025-09-01,5174
2025-10-01,5207
2025-11-01,5253
2025-12-01,5315
2026-01-01,5310
2026-02-01,5302
2026-03-01,5282
2026-04-01,5319
2026-05-01,5438
2026-06-01,5567
2026-07-01,5570
2026-08-01,5625
