date,unfilled_orders
1992-01-01,8729
1992-02-01,8656
1992-03-01,8613
1992-04-01,8706
1992-05-01,8768
1992-06-01,8881
1992-07-01,8830
1992-08-01,8940
1992-09-01,9021
1992-10-01,8954
1992-11-01,9042
1992-12-01,9553
1993-01-01,9170
1993-02-01,9135
1993-03-01,9465
1993-04-01,9269
1993-05-01,9182
1993-06-01,9075
1993-07-01,8993
1993-08-01,8920
1993-09-01,8787
1993-10-01,8867
1993-11-01,8769
1993-12-01,8564
1994-01-01,8530
1994-02-01,8614
1994-03-01,8826
1994-04-01,9004
1994-05-01,8935
1994-06-01,8962
1994-07-01,8935
1994-08-01,8869
1994-09-01,8970
1994-10-01,8982
1994-11-01,9222
1994-12-01,9483
1995-01-01,9506
1995-02-01,9634
1995-03-01,9575
1995-04-01,9667
1995-05-01,9949
1995-06-01,10058
1995-07-01,10205
1995-08-01,9997
1995-09-01,10390
1995-10-01,10427
1995-11-01,10320
1995-12-01,10378
1996-01-01,10502
1996-02-01,10437
1996-03-01,10233
1996-04-01,9989
1996-05-01,9921
1996-06-01,9785
1996-07-01,9816
1996-08-01,9749
1996-09-01,9633
1996-10-01,9683
1996-11-01,9821
1996-12-01,9578
1997-01-01,9678
1997-02-01,9798
1997-03-01,10227
1997-04-01,10255
1997-05-01,10440
1997-06-01,10571
1997-07-01,10487
1997-08-01,10595
1997-09-01,10656
1997-10-01,10566
1997-11-01,10353
1997-12-01,10611
1998-01-01,10886
1998-02-01,10673
1998-03-01,10345
1998-04-01,10366
1998-05-01,10070
1998-06-01,10106
1998-07-01,10295
1998-08-01,10220
1998-09-01,10173
1998-10-01,10250
1998-11-01,10329
1998-12-01,10463
1999-01-01,10559
1999-02-01,10643
1999-03-01,10962
1999-04-01,11110
1999-05-01,11443
1999-06-01,11735
1999-07-01,12110
1999-08-01,12731
1999-09-01,13321
1999-10-01,14657
1999-11-01,15214
1999-12-01,15564
2000-01-01,16031
2000-02-01,16814
2000-03-01,17792
2000-04-01,18915
2000-05-01,19751
2000-06-01,20276
2000-07-01,20899
2000-08-01,21744
2000-09-01,22592
2000-10-01,22167
2000-11-01,22147
2000-12-01,22066
2001-01-01,21992
2001-02-01,20641
2001-03-01,19061
2001-04-01,17833
2001-05-01,17286
2001-06-01,17088
2001-07-01,16737
2001-08-01,16172
2001-09-01,15861
2001-10-01,15602
2001-11-01,15396
2001-12-01,15266
2002-01-01,15040
2002-02-01,14640
2002-03-01,14902
2002-04-01,15184
2002-05-01,14743
2002-06-01,14676
2002-07-01,14578
2002-08-01,14063
2002-09-01,13133
2002-10-01,13155
2002-11-01,12887
2002-12-01,12764
2003-01-01,12545
2003-02-01,12374
2003-03-01,11854
2003-04-01,11061
2003-05-01,11001
2003-06-01,10814
2003-07-01,10590
2003-08-01,10531
2003-09-01,10592
2003-10-01,10872
2003-11-01,11223
2003-12-01,11319
2004-01-01,11419
2004-02-01,11624
2004-03-01,11934
2004-04-01,12102
2004-05-01,12429
2004-06-01,12629
2004-07-01,12274
2004-08-01,12476
2004-09-01,12425
2004-10-01,11992
2004-11-01,11879
2004-12-01,11860
2005-01-01,11858
2005-02-01,11970
2005-03-01,11897
2005-04-01,11723
2005-05-01,11719
2005-06-01,11725
2005-07-01,11551
2005-08-01,11710
2005-09-01,11708
2005-10-01,11718
2005-11-01,11706
2005-12-01,11924
2006-01-01,11829
2006-02-01,11703
2006-03-01,11944
2006-04-01,12549
2006-05-01,12549
2006-06-01,12665
2006-07-01,12883
2006-08-01,12634
2006-09-01,12768
2006-10-01,12978
2006-11-01,12807
2006-12-01,12813
2007-01-01,12973
2007-02-01,13193
2007-03-01,12977
2007-04-01,12890
2007-05-01,12940
2007-06-01,12682
2007-07-01,12898
2007-08-01,13108
2007-09-01,12900
2007-10-01,13218
2007-11-01,13268
2007-12-01,13011
2008-01-01,13095
2008-02-01,13197
2008-03-01,13443
2008-04-01,13348
2008-05-01,13197
2008-06-01,13289
2008-07-01,13059
2008-08-01,13059
2008-09-01,13045
2008-10-01,12816
2008-11-01,12585
2008-12-01,12398
2009-01-01,12035
2009-02-01,11596
2009-03-01,11404
2009-04-01,11200
2009-05-01,10967
2009-06-01,10958
2009-07-01,10986
2009-08-01,11013
2009-09-01,11146
2009-10-01,10966
2009-11-01,11199
2009-12-01,11234
2010-01-01,11416
2010-02-01,11615
2010-03-01,11780
2010-04-01,11923
2010-05-01,12087
2010-06-01,12231
2010-07-01,12210
2010-08-01,12176
2010-09-01,12126
2010-10-01,12142
2010-11-01,12205
2010-12-01,12392
2011-01-01,12237
2011-02-01,12049
2011-03-01,12005
2011-04-01,12142
2011-05-01,12087
2011-06-01,12017
2011-07-01,12029
2011-08-01,11994
2011-09-01,12042
2011-10-01,12108
2011-11-01,12060
2011-12-01,12012
2012-01-01,11862
2012-02-01,11750
2012-03-01,11637
2012-04-01,11478
2012-05-01,11414
2012-06-01,11216
2012-07-01,11108
2012-08-01,10973
2012-09-01,10874
2012-10-01,10827
2012-11-01,10779
2012-12-01,10785
2013-01-01,10869
2013-02-01,10937
2013-03-01,11013
2013-04-01,11133
2013-05-01,11127
2013-06-01,11143
2013-07-01,11327
2013-08-01,11254
2013-09-01,11193
2013-10-01,11333
2013-11-01,11356
2013-12-01,11298
2014-01-01,11151
2014-02-01,11140
2014-03-01,11084
2014-04-01,11034
2014-05-01,10985
2014-06-01,10994
2014-07-01,10940
2014-08-01,10906
2014-09-01,10846
2014-10-01,10836
2014-11-01,10845
2014-12-01,10780
2015-01-01,10812
2015-02-01,10854
2015-03-01,10774
2015-04-01,10771
2015-05-01,10737
2015-06-01,10799
2015-07-01,10768
2015-08-01,10770
2015-09-01,10707
2015-10-01,10720
2015-11-01,10677
2015-12-01,10721
2016-01-01,10689
2016-02-01,10683
2016-03-01,10761
2016-04-01,10747
2016-05-01,10775
2016-06-01,10776
2016-07-01,10888
2016-08-01,10907
2016-09-01,10984
2016-10-01,10952
2016-11-01,10968
2016-12-01,11036
2017-01-01,11199
2017-02-01,11363
2017-03-01,11454
2017-04-01,11666
2017-05-01,11855
2017-06-01,11954
2017-07-01,12137
2017-08-01,12371
2017-09-01,12576
2017-10-01,12747
2017-11-01,12918
2017-12-01,13120
2018-01-01,13328
2018-02-01,13621
2018-03-01,13750
2018-04-01,13862
2018-05-01,14046
2018-06-01,14341
2018-07-01,14604
2018-08-01,14732
2018-09-01,14828
2018-10-01,14873
2018-11-01,15070
2018-12-01,15154
2019-01-01,15149
2019-02-01,15137
2019-03-01,14890
2019-04-01,14744
2019-05-01,14615
2019-06-01,14485
2019-07-01,14423
2019-08-01,14430
2019-09-01,14487
2019-10-01,14553
2019-11-01,14639
2019-12-01,14382
2020-01-01,14468
2020-02-01,14551
2020-03-01,14614
2020-04-01,14685
2020-05-01,14623
2020-06-01,14559
2020-07-01,14415
2020-08-01,14374
2020-09-01,14377
2020-10-01,14530
2020-11-01,14667
2020-12-01,14827
2021-01-01,14994
2021-02-01,15211
2021-03-01,15483
2021-04-01,15926
2021-05-01,16348
2021-06-01,16749
2021-07-01,16929
2021-08-01,17430
2021-09-01,17727
2021-10-01,17994
2021-11-01,18287
2021-12-01,18508
2022-01-01,18829
2022-02-01,19092
2022-03-01,19403
2022-04-01,19584
2022-05-01,19608
2022-06-01,19634
2022-07-01,19894
2022-08-01,20132
2022-09-01,20295
2022-10-01,20287
2022-11-01,20206
2022-12-01,20274
2023-01-01,20097
2023-02-01,19963
2023-03-01,19824
2023-04-01,19724
2023-05-01,19695
2023-06-01,19574
2023-07-01,19464
2023-08-01,19357
2023-09-01,19321
2023-10-01,19231
2023-11-01,19102
2023-12-01,18969
2024-01-01,18893
2024-02-01,18848
2024-03-01,18853
2024-04-01,18738
2024-05-01,18698
2024-06-01,18745
2024-07-01,18724
2024-08-01,18619
2024-09-01,18495
2024-10-01,18431
2024-11-01,18409
2024-12-01,18338
2025-01-01,18241
2025-02-01,18117
2025-03-01,18145
2025-04-01,18063
2025-05-01,18158
2025-06-01,18152
2025-07-01,18164
2025-08-01,18138
2025-09-01,18096
2025-10-01,18153
2025-11-01,18188
2025-12-01,18166
2026-01-01,18238
2026-02-01,18284
2026-03-01,18408
2026-04-01,18494
2026-05-01,18635
2026-06-01,18736
2026-07-01,18877
2026-08-01,19021
